Order Item ID,O.E.:,Job #:,Customer:,Qty.:,Part #,Rev,Contact:,DWG Rel.,M,Descriptions:,Price:,P.O. :,Packing Slip,Qty.:,Invoice:,Del. Req'd:,Del. Ship'd:,Delay:
1074,37721,900-03,MHI-Canada,40,GM223-1314-10,,Lana Bozic,4/6/2023,2,Angle,$523.72 ,51001,,,,7-Mar-24,,
717,37721,69279,MHI-Canada,40,GM223-1314-9,,Lana Bozic,4/6/2023,4,Angle,$523.72 ,51001,,,,7-Mar-24,,
,,,,,,,,,,,,,,,,,,
718,37832,69605,BWXT Med,2850,K125912-003,Iss. D,Krista Lentz,6/12/2023,1,Vial Shield Assy,$20.26 ,1109596,,,,28-Jul-23,,
719,37832,69605,BWXT Med,2850,K125912-003,Iss. D,Krista Lentz,6/12/2023,2,Vial Shield Assy,$20.26 ,1109596,,,,30-Aug-02,,
720,37832,69605,BWXT Med,2850,K125912-003,Iss. D,Krista Lentz,6/12/2023,3,Vial Shield Assy,$20.26 ,1109596,,,,29-Sep-23,,
721,37832,69605,BWXT Med,2850,K125912-003,Iss. D,Krista Lentz,6/12/2023,4,Vial Shield Assy,$20.26 ,1109596,,,,30-Oct-23,,
722,37832,69605,BWXT Med,2850,K125912-003,Iss. D,Krista Lentz,6/12/2023,5,Vial Shield Assy,$20.26 ,1109596,,,,30-Nov-23,,
723,37832,69605,BWXT Med,2850,K125912-003,Iss. D,Krista Lentz,6/12/2023,6,Vial Shield Assy,$20.26 ,1109596,,,,22-Dec-23,,
,,,,,,,,,,,,,,,,,,
724,37979,70131,Kipling,1,052PLNAY01,C00,Aziza Arora,9/14/2023,1,Servo Guard Assy,"$2,125.00 ",804554,,,,5-Oct-23,,
,,,,,,,,,,,,,,,,,,
725,38123,70586,SNC-Lavalin,1,RT38-88080-0104-001-DD-1,1,Ping He,1/9/2024,21,Toggle Clamp,"$1,188.00 ",634828-18000-52X-R231- R.03,,,,31-Jan-24,,
,,,,,,,,,,,,,,,,,,
726,38502,71374,Woodbridge,3,MZ2x2-D-N-S7N,,Bobby Borshanpour,10/3/2024,1,Mz2x2-D Injector Nozzle,$675.00 ,20030822,,,,25-Oct-24,,
727,38502,71375,Woodbridge,3,MZ2x2-D-AI-PIS,C,Bobby Borshanpour,10/3/2024,2,MZ2x2-D-AI-Piston,"$1,250.00 ",20030822,,,,25-Oct-24,,
,,,,,,,,,,,,,,,,,,
728,38539,71480,SNC-Lavalin,5,21RT-88030-0182-01-DD-2-R/W,0,Vishnu Joshi,10/28/2024,1,Bayonet - F/I for Swaging,$700.00 ,634828-15000-52BX-R079-R.07,,,,11-Nov-24,,
,,,,,,,,,,,,,,,,,,
729,38559,71512,DJ Ind.,2,Sample,,Chris Morrison,11/1/2024,1,SS. Air Curtain - Modified,,,,,,8-Nov-24,,
,,,,,,,,,,,,,,,,,,
730,38608,71609,Candu,46,08-63500-0233-01-DD-2,5,Ashan Syed,11/26/2024,1,Insert Housing Size 36-NEL-IH-36-00,$269.00 ,87-63500-PN-R010,,,,14-Apr-25,,
731,38608,71610,Candu,65,08-63500-0252-01-DD-2,3,Ashan Syed,11/26/2024,2,Insert Housing Size 24-NEL-IH-24-00,$265.00 ,87-63500-PN-R010,,,,14-Apr-25,,
732,38608,71611,Candu,1100,08-63500-0224-01-DD-2,0,Ashan Syed,11/26/2024,4,Pin Size 16-16 - NEL-PN-00-1616,$13.95 ,87-63500-PN-R010,,,,14-Apr-25,,
733,38608,71612,Candu,1600,08-63500-0222-01-DD-2,0,Ashan Syed,11/26/2024,5,"Pin Size 16,20 - NEL-PN-00-1620",$14.49 ,87-63500-PN-R010,,,,14-Apr-25,,
734,38608,71613,Candu,3500,08-63500-0229-01-DD-3,2,Ashan Syed,11/26/2024,6,Contact Clip Size 16- NEL-CC-00-16,$3.08 ,87-63500-PN-R010,,,,14-Apr-25,,
,,,,,,,,,,,,,,,,,,
735,38619,71669,Candu,5,RT-87920-0351-01-GA-D,0,David Weldon,12/3/2024,1,CTI Bore Gauge,"$35,171.00 ",RT79-87920-PN-R005-R.1,,,,21-Mar-25,,
,,,,,,,,,,,,,,,,,,
736,38636,71718,Woodbridge,46500,RTD-3040/3033,,James Kearns,12/10/2024,2,Puffer Caps & Nozzles  34 x 50 Mesh,$3.44 ,PD-20551,,,,1-Dec-25,,
,,,,,,,,,,,,,,,,,,
741,38647,71742,Candu,5,RT-87920-0351-01-GA-D,0,David Weldon,12/3/2024,1,CTI Bore Gauge,"$35,171.00 ",RT98-87920-PN-R006-R.2,,,,21-Mar-25,,
,,,,,,,,,,,,,,,,,,
742,38669,71829,Candu,9,RT-87540-0200-01-GA-E,1,David Weldon,12/23/2024,1,Removal PA Tool Cart-RT-7538-000-PRT,"$16,293.00 ",RT98-87540-PN-R001,,,,2-May-25,,
,,,,,,,,,,,,,,,,,,
743,38672,71851,Candu,2,RT-87550-0100-01-GA-E,0,Brandon Kwakye-Longdon,12/30/2024,1,Bellows Cutting Tool (SFCR),"$141,549.74 ",RT79-87550-PN-R001,,,,4-Jul-25,,
746,38672,71873,Candu,Lot,Spare parts,,Brandon Kwakye,0109/25,2,To Capture cost for Spare parts,Included,RT79-87550-PN-R001,,,,4-Jul-25,,
786,38672,72330,Candu,1 + 1,RT-87550-0145-01-GA-E,,Brandon Kwakye,4/24/2025,5,Shell Installation Tool Assy,"$1,950.00 ",RT79-87550-PN-R001-R.1,,,,21-Jul-25,,
,,,,,,,,,,,,,,,,,,
744,38673,71852,Candu,3,RT-87900-0400-1-GA-E,6,Barbara Vaz,12/30/2024,1,C6- Bore Gauge,"$26,451.00 ",RT79-87900-PN-R003-r.1,,,,31-Jul-25,,
745,38673,71853,Candu,2,RT-87900-0500-01-GA-E,3,Barbara Vaz,12/30/2024,2,C6 Bore Gauge- Narrow Landing,"$26,795.00 ",RT79-87900-PN-R003-r.1,,,,31-Jul-25,,
,,,,,,,,,,,,,,,,,,
748,38740,72023,Candu,2,RT-87550-0100-01-GA-E,0,Sanchai Bartley-Ndiaye,2/11/2025,1,Bellows Cutting Tool (SFCR),"$141,549.74 ",RT98-87550-PN-R004-R.1,,,,19-Sep-25,,
749,38740,72024,Candu,Lot,Spare parts,,Sanchai Bartley-Ndiaye,02/1125,2,To Capture cost for Spare parts,Included,RT98-87550-PN-R004-R.1,,,,19-Sep-25,,
787,38740,72331,Candu,1 +1,RT-87550-0145-01-GA-E,,Brandon Kwakye,4/24/2025,5,Shell Installatin Tool Assy,"$1,950.00 ",RT98-87550-PN-R004-R.1,,,,19-Sep-25,,
,,,,,,,,,,,,,,,,,,
750,38744,72028,DJ Ind.,1,NPN,,Chris,2/15/2025,1,Auger to measure & Prelim Dwgs,,NPO #,,,,21-Feb-25,,
,,,,,,,,,,,,,,,,,,
751,38758,72083,Candu,3,RT-88030-0300-01-GA-0,2,Angelica de la Barrera,2/21/2025,1,Garter Spring Detection Tool,"$52,899.78 ",RT79-88030-PN-R001-R.2,,,,21-Jul-25,,
752,38758,72084,Candu,4,RT-88030-0063-01-GA-E,1,Angelica de la Barrera,2/21/2025,2,Single Spacer Drop off Tool,23133.58 +3822,RT79-88030-PN-R001-R.2,,,,20-Jan-26,,
779,38758,72278,Candu,2,RT-88030-0250-1-GA-D,,David Weldon,3/31/2025,4,Eddy Current Spacer Detection Trough,"$5,218.00 ",RT79-88030-PN-R001-R.2,,,,21-Jul-25,,
,,,,,,,,,,,,,,,,,,
753,38759,72085,Candu,3,RT-88030-0300-01-GA-0,2,Angelica de la Barrera,2/21/2025,1,Garter Spring Detection Tool,"$52,899.78 ",RT98-88030-PN-R001- R.2,,,,21-Jul-25,,
754,38759,72086,Candu,6,RT-88030-0063-01-GA-E,1,Angelica de la Barrera,2/21/2025,2,Single Spacer Drop off Tool,23133.58 +3822,RT98-88030-PN-R001- R.2,,,,21-Jul-25,,
780,38759,72279,Candu,2,RT-88030-0250-1-GA-D,,David Weldon,3/31/2025,4,Eddy Current Spacer Detection Trough,"$5,218.00 ",RT98-88030-PN-R001- R.2,,,,21-Jul-25,,
798,38759,72459,Candu,2,RT-88030-0310-1-GA-D,,David Weldon,6/11/2025,5,Eddy Current Verification Bench,"$8,656.00 ",RT98-88030-PN-R001- R.2,,,,27-Aug-25,,
799,38759,72460,Candu,2,RT-88030-0021-01-GA-1,,David Weldon,6/11/2025,6,Tool Encoder Bracket Assy,"$9,903.00 ",RT98-88030-PN-R001- R.2,,,,27-Aug-25,,
,,,,,,,,,,,,,,,,,,
,C.O.D,72113,Metonic,1,Misc,,Edwin,2/24/2025,1,Misc WJ Cutting,,NPO,,,,25-Feb-25,,
756,C.O.D,72113,Metonic,1,Misc,,Edwin,5/2/2025,2,Front Left Upright,,NPO,,,,9-May-25,,
757,C.O.D,72113,Metonic,1,Misc,,Edwin,5/3/2025,3,Front Right upright,,NPO,,,,9-May-25,,
758,C.O.D,72113,Metonic,1,Misc,,Edwin,5/4/2025,4,Rear Left Upright,,NPO,,,,9-May-25,,
759,C.O.D,72113,Metonic,1,Misc,,Edwin,5/5/2025,5,Rear Right Upright,,NPO,,,,9-May-25,,
760,C.O.D,72113,Metonic,1,EN-00403,,Edwin,5/6/2025,6,Motor Mount Sprocket,,NPO,,,,9-May-25,,
,,,,,,,,,,,,,,,,,,
761,38785,72139,Candu,1,RT-88230-0245-01-GA-E,,Angelica de la Barrera,3/4/2025,1,"Large Template,MK TP-1A","$39,444.42 ",RT79-88230-PN-R012- R.2,,,,24-Nov-25,,
762,38785,72140,Candu,1,RT-88230-0246-01-GA-E,,Angelica de la Barrera,3/4/2025,2,"Large Template,MK TP-1C","$38,305.70 ",RT79-88230-PN-R012- R.2,,,,24-Nov-25,,
763,38785,72141,Candu,1,RT-88230-0247-01-GA-E,,Angelica de la Barrera,3/4/2025,3,"Large Template,MK TP-2A","$39,684.13 ",RT79-88230-PN-R012- R.2,,,,24-Nov-25,,
764,38785,72142,Candu,1,RT-88230-0248-01-GA-E,,Angelica de la Barrera,3/4/2025,4,"Large Template,MK TP-2C","$39,684.13 ",RT79-88230-PN-R012- R.2,,,,24-Nov-25,,
765,38785,72143,Candu,1,RT-88230-0249-01-GA-D,,Angelica de la Barrera,3/4/2025,5,"Small Template,MK TP-3A","$16,803.50 ",RT79-88230-PN-R012- R.2,,,,24-Nov-25,,
766,38785,72144,Candu,1,RT-88230-0250-01-GA-D,,Angelica de la Barrera,3/4/2025,6,"Small Template,MK TP-3C","$17,217.82 ",RT79-88230-PN-R012- R.2,,,,24-Nov-25,,
767,38785,72145,Candu,1,RT-88230-0251-01-GA-D,,Angelica de la Barrera,3/4/2025,7,"Small Template,MK TP-4A","$17,288.48 ",RT79-88230-PN-R012- R.2,,,,24-Nov-25,,
768,38785,72146,Candu,1,RT-88230-0252-01-GA-D,,Angelica de la Barrera,3/4/2025,8,"Small Template,MK TP-4C","$15,059.18 ",RT79-88230-PN-R012- R.2,,,,24-Nov-25,,
769,38785,72147,Candu,2,RT-88230-0200-01-GA-E,,Angelica de la Barrera,3/4/2025,9,Upper Feeder Template Assy,"$84,206.32 ",RT79-88230-PN-R012- R.2,,,,24-Nov-25,,
,,,,,,,,,,,,,,,,,,
770,38804,72234,Candu,1,RT-88230-0245-01-GA-E,,Angelica de la Barrera,3/20/2025,1,"Large Template,MK TP-1A","$39,444.42 ",RT98-88230-PN-R010,,,,24-Nov-25,,
771,38804,72235,Candu,1,RT-88230-0246-01-GA-E,,Angelica de la Barrera,3/20/2025,2,"Large Template,MK TP-1C","$38,305.70 ",RT98-88230-PN-R010,,,,24-Nov-25,,
772,38804,72236,Candu,1,RT-88230-0247-01-GA-E,,Angelica de la Barrera,3/20/2025,3,"Large Template,MK TP-2A","$39,684.13 ",RT98-88230-PN-R010,,,,24-Nov-25,,
773,38804,72237,Candu,1,RT-88230-0248-01-GA-E,,Angelica de la Barrera,3/20/2025,4,"Large Template,MK TP-2C","$39,684.13 ",RT98-88230-PN-R010,,,,24-Nov-25,,
774,38804,72238,Candu,1,RT-88230-0249-01-GA-D,,Angelica de la Barrera,3/20/2025,5,"Small Template,MK TP-3A","$16,803.50 ",RT98-88230-PN-R010,,,,24-Nov-25,,
775,38804,72239,Candu,1,RT-88230-0250-01-GA-D,,Angelica de la Barrera,3/20/2025,6,"Small Template,MK TP-3C","$17,217.82 ",RT98-88230-PN-R010,,,,24-Nov-25,,
776,38804,72240,Candu,1,RT-88230-0251-01-GA-D,,Angelica de la Barrera,3/20/2025,7,"Small Template,MK TP-4A","$17,288.48 ",RT98-88230-PN-R010,,,,24-Nov-25,,
777,38804,72241,Candu,1,RT-88230-0252-01-GA-D,,Angelica de la Barrera,3/20/2025,8,"Small Template,MK TP-4C","$15,059.18 ",RT98-88230-PN-R010,,,,24-Nov-25,,
778,38804,72242,Candu,2,RT-88230-0200-01-GA-E,,Angelica de la Barrera,3/20/2025,9,Upper Feeder Template Assy,"$84,206.32 ",RT98-88230-PN-R010,,,,24-Nov-25,,
,,,,,,,,,,,,,,,,,,
781,38825,72280,Candu,1,RT-87640-70300-000-1-GA-E,0,Brandon Kwakye-Longdon,4/1/2025,1,Mockup LWTF Trolley,"$122,666.00 ",RT98-87590-PN-R007,,,,15-Aug-25,,
1013,38825,72948,Candu,1,RT-87640-70300-000-1-GA-E,0,Laila Parveen,11/18/2025,2,LWTF Mock-UP Trolley Frame,"$45,623.00 ",RT98-87590-PN-R007-R1,,,,13-Mar-26,,
,,,,,,,,,,,,,,,,,,
782,38835,72297,Bombardier,15,Sketch,,Nesha,4/8/2025,1,BA Trench Cover,,,,,,28-Apr-25,,
,,,,,,,,,,,,,,,,,,
783,38848,72326,DJ Ind.,1,Sample,,Chris Morrison,4/23/2025,1,Valve to repair Worn Areas & Chrome,,,,,,2-May-25,,
784,38848,72327,DJ Ind.,1,Sample,,Chris Morrison,4/23/2025,2,Plunger Valve to Repair by Sleeve,,,,,,2-May-25,,
785,38848,72328,DJ Ind.,1,Sample,,Chris Morrison,4/23/2025,3,Hand Pump hone after chrome,,,,,,2-May-25,,
,,,,,,,,,,,,,,,,,,
788,38865,72367,Candu,4,RT-87250-74016-000-1-GA-E,5,Angelica DeLa Barrera,5/2/2025,1,Pitch Yaw Mounting Frame Tool,"$161,870.00 ",RT98-87000-PN-R012,,,,29-Jul-26,,
789,38865,72368,Candu,4,RT-87250-74010-000-1-GA-E,3,Angelica DeLa Barrera,5/2/2025,2,Pitch Yaw Mounting Table,"$181,755.00 ",RT98-87000-PN-R012,,,,29-Jul-26,,
,,,,,,,,,,,,,,,,,,
790,38867,72373,Candu,3,RT-87590-70000-000-1-GA-E,4,Sanchia Bartley-Ndiaye,5/5/2025,1,EFSF Removal Tool    (RT-7591-000-PRT),"$785,648.00 ",RT98-87590-PN-R006-R.1,,,,9-Oct-26,,
,,,,,,,,,,,,,,,,,,
791,38885,72395,Candu,1,RT-87630-71254-1000-1-GA-D,2,Ashna Irani-Kavasji,5/20/2025,1,VRS Manual Retrieval Tool,"$146,936.00 ",RT79-87630-PN-R005-R.1,,,,27-Aug-25,,
,,,,,,,,,,,,,,,,,,
792,38898,72422,Candu,1,RT-79112-0300-01-GA-E,0,Sanchia Bartley-Ndiaye,5/26/2025,1,Small Waste Transfer Flask,"$272,363.00 ",RT79-79112-PN-R002,,,,30-Nov-25,,
,,,,,,,,,,,,,,,,,,
793,38899,72425,Safran (Messier),1,DSK30906G01-113,,Pablo Garcida,5/27/2025,50,Loading Block,$345.00 ,4590038355,44570,1,52834,24-Jun-25,,
,,,,,,,,,,,,,,,,,,
794,38906,72438,Candu,3,RT-87250-0400-01-GA-E,,Sanchia Bartley-Ndiaye,6/2/2025,1,Installation Worktable,"$243,730.00 ",RT98-87250-PN-R007,,,,16-Oct-26,,
795,38906,72439,Candu,3,RT-87250-70000-5000-1-GA-B,,Sanchia Bartley-Ndiaye,6/2/2025,2,Inst. Worktable Support Frame,"$62,656.00 ",RT98-87250-PN-R007,,,,16-Oct-26,,
796,38906,72440,Candu,4,RT-87920-0303-01-GA-D,,Sanchia Bartley-Ndiaye,6/2/2025,3,CT Shield Sleeve- Short,"$31,479.00 ",RT98-87250-PN-R007,,,,16-Oct-26,,
797,38906,72441,Candu,6,RT-87920-0051-01-DD-C,,Sanchia Bartley-Ndiaye,62/25,4,Hook Assy For Extension Tool,$582.00 ,RT98-87250-PN-R007,,,,16-Oct-26,,
,,,,,,,,,,,,,,,,,,
800,38932,72502,BWXT(GE),118,213025-1,,William Won,6/26/2025,6,Front Plate,$46.10 ,721701- Rev.1,,,,21-Oct-25,,
,,,,,,,,,,,,,,,,,,
801,38933,72507,BWXT(GE),34,208374-1,,William Won,6/26/2025,5,Housing,$29.22 ,721704,44918,34,53183,21-Oct-25,1/13/2026,84
,,,,,,,,,,,,,,,,,,
802,38935,72517,Candu,3,RT-87840-70000-1000-1-GA-B,,Sanchia Bartley-Ndiaye,6/27/2025,1,CV FME Inspection Tool,"$253,143.00 ",RT79-87840-PN-R002-R.1,,,,17-Nov-25,,
1083,38935,72906,Candu,3,RT-87840-0220-01-GA-2,0,Laila Parveen,10/30/2025,2,Bearing Assy,"$29,698.00 ",RT79-87840-PN-R002-R.1,,,,5-Jan-26,,
,,,,,,,,,,,,,,,,,,
1084,38963,72573,Eclipse,4 +4,RT38-87850-1026-01-DD-C2,2,Lucy Poei,7/21/2025,3 + 4,Head Housing,"$4,557.00 ",169536,,,,21-Nov-25,,
,,,,,,,,,,,,,,,,,,
807,38966,72580,Candu,1,RT-87000-0097-1-GA-C,,Sanchia Bartley-Nidiaye,7/22/2025,1,CT Removal Protective Sleeve,"$6,252.00 ",RT98-88010-PN-R009,,,,29-Sep-25,,
808,38966,72581,Candu,1,RT-87000-70600-6000-1-GA-B,,Sanchia Bartley-Nidiaye,7/22/2025,2,CT Removal Thrust Sleeve,"$17,740.00 ",RT98-88010-PN-R009,,,,29-Sep-25,,
809,38966,72582,Candu,1,RT-88000-70067-000-1-GA-D,,Sanchia Bartley-Nidiaye,7/22/2025,3,Leak Test Tool Check Sleeve,"$1,545.00 ",RT98-88010-PN-R009,,,,29-Sep-25,,
810,38966,72583,Candu,2,RT-88010-0080-01-DD-B,,Sanchia Bartley-Nidiaye,7/22/2025,4,Bore Gauge Protective Sleeve,$512.00 ,RT98-88010-PN-R009,,,,29-Sep-25,,
,,,,,,,,,,,,,,,,,,
811,38970,72589,Candu,2,RT-88040-0040-01-DD-C,,Sanchia Bartley-Ndiaye,7/24/2025,1,Gauge Expander Tool- Ring Gauge,"$1,447.00 ",RT98-88010-PN-R008,,,,30-Sep-25,,
812,38970,72590,Candu,2,RT-88000-70034-000-1-GA-e,,Sanchia Bartley-Ndiaye,7/24/2025,2,Gauge AS Length Gauge,"$14,138.00 ",RT98-88010-PN-R008,,,,30-Sep-25,,
813,38970,72591,Candu,1,RT-88000-70051-000-1-GA-E,,Sanchia Bartley-Ndiaye,7/24/2025,3,Gauge P/T Expander Reach setting Gauge,"$1,562.00 ",RT98-88010-PN-R008,,,,30-Sep-25,,
814,38970,72592,Candu,1,RT-88010-0033-1-DD-B,,Sanchia Bartley-Ndiaye,7/24/2025,4,Gauge P/T Ring Gauge ( Blue),"$2,053.00 ",RT98-88010-PN-R008,,,,30-Sep-25,,
815,38970,72593,Candu,1,RT-88010-0032-1-DD-B,,Sanchia Bartley-Ndiaye,7/24/2025,5,Gauge P/T Ring Gauge ( Red),"$2,053.00 ",RT98-88010-PN-R008,,,,30-Sep-25,,
816,38970,72594,Candu,1,RT-88010-0031-1-DD-B,,Sanchia Bartley-Ndiaye,7/24/2025,6,Gauge P/T Ring Gauge ( Yellow),"$2,053.00 ",RT98-88010-PN-R008,,,,30-Sep-25,,
817,38970,72595,Candu,2,RT-88000-70210-060-1-DD-B,,Sanchia Bartley-Ndiaye,7/24/2025,7,Gauge Ring Gauge for Bore Gauge,"$1,468.00 ",RT98-88010-PN-R008,,,,30-Sep-25,,
818,38970,72596,Candu,2,RT-88010-0120-1-DD-C,,Sanchia Bartley-Ndiaye,7/24/2025,8,Gauge P/T Category Check Tool,$308.00 ,RT98-88010-PN-R008,,,,30-Sep-25,,
819,38970,72597,Candu,2,RT-88010-0121-1-DD-B,,Sanchia Bartley-Ndiaye,7/24/2025,9,P/T Category Check Tool,$490.00 ,RT98-88010-PN-R008,,,,30-Sep-25,,
820,38970,72598,Candu,2,RT-88000-70210-041-1-DD-D,,Sanchia Bartley-Ndiaye,7/24/2025,10,P/T Category Check Tool- PLug306,$306.00 ,RT98-88010-PN-R008,,,,30-Sep-25,,
821,38970,72599,Candu,1,RT-88010-0050-1-GA-C,,Sanchia Bartley-Ndiaye,7/24/2025,11,Gauge EF Liner Tube Plug Gauge,"$2,178.00 ",RT98-88010-PN-R008,,,,30-Sep-25,,
1085,38970,73000,Candu,3,RT-88000-70051-000-1-GA-E,,Etianne Machado,12/19/2025,3A,Gauge P/T Expander Reach setting Gauge,"$1,562.00 ",RT98-88010-PN-R008,,,,12-Feb-26,,
,,,,,,,,,,,,,,,,,,
822,38971,72600,Superwake,1,S93501-105,C,Miceeal Melville,7/24/2025,1,"Main Spar Mold ""A""",Lot,Verbal,,,,22-Aug-25,,
823,38971,72600,Superwake,1,S93502-105,c,Miceeal Melville,7/24/2025,2,"Main Spar Mold ""B""",LOT $ 3692,Verbal,,,,22-Aug-25,,
824,38971,72601,Superwake,1,S92201-105,c,Miceeal Melville,7/24/2025,3,Rear Spar Mold,"$1,950.00 ",Verbal,,,,22-Aug-25,,
,,,,,,,,,,,,,,,,,,
825,38972,72602,Candu,10,RT-87530-70001-1-GA-D,,Angelica de la Barrera,7/25/2025,1,Enhanced FIF Tool,"$11,328.00 ",RT98-87530-PN-R001,,,,28-Oct-25,,
826,38972,72603,Candu,2,98-31952-83-1-GA-E,,Angelica de la Barrera,7/25/2025,2,General Inspection Fixture,"$8,313.00 ",RT98-87530-PN-R001,,,,28-Oct-25,,
827,38972,72604,Candu,2,98-31952-69-1-GA-E,,Angelica de la Barrera,7/25/2025,3,Tool Channel Closure Dismantling Tool,"$6,842.00 ",RT98-87530-PN-R001,,,,28-Oct-25,,
,,,,,,,,,,,,,,,,,,
828,38973,72605,Candu,18,RT-88030-70120-2000-1-GA-B,0,Brandon Kwakye-Longdon,7/25/2025,1,SA Transport Container,"$24,549.00 ",RT79-88020-PN-R003-R.1,,,,19-Dec-25,,
829,38973,72606,Candu,12+2,RT-88030-70121-2000-1-GA-B,,Brandon Kwakye-Longdon,7/25/2025,2,EF Transport Container,"$9,820.00 ",RT79-88020-PN-R003-R.1,,,,19-Dec-25,,
,,,,,,,,,,,,,,,,,,
831,38987,72621,Candu,10,RT-87713-0001-1-GA-D,2,Sanchia Bartley-Nidaye,8/1/2025,1,End Shield Measurement Tool,"$4,097.00 ",RT98-87710-PN-R006,,,,14-Nov-25,,
,,,,,,,,,,,,,,,,,,
832,38988,72622,Candu,3,RT-87900-0400-1-GA-E,6,Brandon Kwakye-Longdon,8/1/2025,1,C6-Bore Gauge,"$26,451.00 ",RT98-87900-PN-R003,,,,28-Dec-25,,
833,38988,72623,Candu,2,RT-87900-0500-01-GA-E,3,Brandon Kwakye-Longdon,8/1/2025,2,C6-Bore Gague- Narrow Landing,"$26,795.00 ",RT98-87900-PN-R003,,,,28-Dec-25,,
,,,,,,,,,,,,,,,,,,
834,38989,72624,Candu,1,RT-87272-0010-01-GA-E,0,Sanchia Bartley-Ndiaye,8/5/2025,1,Hinge Mockup Columen for Comm.,"$135,869.00 ",RT98-87272-PN-R020-R.1,,,,26-Jan-26,,
,,,,,,,,,,,,,,,,,,
835,38990,72625,Candu,4,RT-88030-0053-01-GA-D,,Angelica de la Barrera,8/5/2025,1,Calandria Tube Extension Sleeve,"$1,612.00 ",RT98-87920-PN-R013,,,x,28-May-26,,
836,38990,72626,Candu,4,RT-88020-0200-1-GA-C,,Angelica de la Barrera,8/5/2025,2,Feeder Port Angle Adjustment Tool,"$1,258.00 ",RT98-87920-PN-R013,,,,28-May-26,,
837,38990,72627,Candu,3,RT-87920-74112-000-1-GA-E,,Angelica de la Barrera,8/5/2025,3,Lifting Grapple,"$10,765.00 ",RT98-87920-PN-R013,,,,28-May-26,,
838,38990,72628,Candu,3,RT-87920-74107-000-1-GA-E,,Angelica de la Barrera,8/5/2025,4,Extension Trolley,"$27,754.00 ",RT98-87920-PN-R013,,,,28-May-26,,
839,38990,72629,Candu,5,21RT-88070-0326-001-GA-1,,Angelica de la Barrera,8/5/2025,5,Cart Closure Plug Cart,"$10,517.00 ",RT98-87920-PN-R013,,,,28-May-26,,
840,38990,72630,Candu,5,RT-87920-74104-000-1-GA-E,,Angelica de la Barrera,8/5/2025,6,Insertion Trolley & Handle,"$16,571.00 ",RT98-87920-PN-R013,,,,28-May-26,,
841,38990,72631,Candu,3,RT-87590-0250-1-GA-0,,Angelica de la Barrera,8/5/2025,7,EF in Shuttle Flask Tool,"$4,197.00 ",RT98-87920-PN-R013,,,,28-May-26,,
842,38990,72632,Candu,5,RT-87500-0108-1-GA-0,,Angelica de la Barrera,8/5/2025,8,EF Rotation Tool,"$4,192.00 ",RT98-87920-PN-R013,,,,28-May-26,,
843,38990,72633,Candu,5,RT-87590-70201-4000-1-GA-B,,Angelica de la Barrera,8/5/2025,9,Manual Bellows Push Tool,"$46,607.00 ",RT98-87920-PN-R013,,,,28-May-26,,
844,38990,72634,Candu,6,RT-79100-0100-01-GA-E,,Angelica de la Barrera,8/5/2025,10,Closure Plug Shuttle Box,"$4,517.00 ",RT98-87920-PN-R013,,,,28-May-26,,
845,38990,72635,Candu,4,RT-87000-0480-1-GA-D,,Angelica de la Barrera,8/5/2025,11,Tool Delivery  Trough,"$12,782.00 ",RT98-87920-PN-R013,,,,28-May-26,,
,,,,,,,,,,,,,,,,,,
846,38993,72638,Candu,1000,08-63500-0223-01-GA-2,,Cindy Weng,8/8/2025,1,"Socket Size 16,16 AWG Barrel",$48.94 ,87-63500-PN-R013,,,,30-Oct-25,,
,,,,,,,,,,,,,,,,,,
847,38998,72643,Candu,8,RT-87290-7002-1-GA-D,0,Brandon Kwakye-Longdon,8/12/2025,1,Material Handling Carts,"$14,955.00 ",RT98-87290-PN-R004,,,,17-Dec-25,,
,,,,,,,,,,,,,,,,,,
848,39000,72645,Candu,1,RT-87630-71521-1000-1-GA-E,,Angelica de la Barrera,8/14/2025,1,VRS PT Lunchbox,"$49,980.00 ",RT79-87630-PN-R011,,,,11-Dec-25,,
849,39000,72646,Candu,1,RT-87630-71622-1000-1-GA-E,3,Angelica de la Barrera,8/14/2025,2,VRS Baseline- PT Small OD Gripper Hd,"$44,970.00 ",RT79-87630-PN-R011,,,,11-Dec-25,,
850,39000,72647,Candu,1,RT-87630-71522-1000-1GA-E,5,Angelica de la Barrera,8/14/2025,3,VRS Swab Loader- Mark 2,"$9,139.00 ",RT79-87630-PN-R011,,,,11-Dec-25,,
,,,,,,,,,,,,,,,,,,
851,39001,72648,Candu,10,NK21-B-DD-N31732-45,,Cindy Weng,8/14/2025,1,Damper shaft Bearing,$110.00 ,21-31732-PN-R038,,,,15-Sep-25,,
,,,,,,,,,,,,,,,,,,
853,39004,72651,Candu,3,RT-87920-74245-048-1-DD-B,,Sanchia Bartley-Ndiaye,8/16/2025,1,Modified Air Motor Adaptor,"$2,154.00 ",RT98-87920-PN-R014-R.1,,,,16-Feb-26,,
1082,39004,72651,Candu,1,RT-87920-74245-048-1-DD-B,,Sanchia Bartley-Ndiaye,8/16/2025,1A,Modified Air Motor Adaptor,"$2,896.00 ",RT98-87920-PN-R014-R.1,,,,,,
854,39004,72652,Candu,3,RT-87920-74245-000-1-GA-E,,Sanchia Bartley-Ndiaye,8/16/2025,2,Air Motor Stande,"$25,597.00 ",RT98-87920-PN-R014-R.1,,,,16-Feb-26,,
855,39004,72653,Candu,2,RT-88000-70097-000-1-GA-E,,Sanchia Bartley-Ndiaye,8/16/2025,3,Air Motor Support Stand,"$23,777.00 ",RT98-87920-PN-R014-R.1,,,,16-Feb-26,,
856,39004,72654,Candu,1,RT-88000-70056-000-1-GA-E,,Sanchia Bartley-Ndiaye,8/16/2025,4,Air Motor Support with Stabalizer,"$17,784.00 ",RT98-87920-PN-R014-R.1,,,,16-Feb-26,,
,,,,,,,,,,,,,,,,,,
857,39006,72656,Kinectrics,1,NPD0059-DET-9111,,Jatin Munjal,8/18/2025,10,Main Body,"$2,173.00 ",280103799,,,,7-Nov-25,,
858,39006,72657,Kinectrics,1,NPD0059-DET-9115,,Jatin Munjal,8/18/2025,20,Main Body,"$2,360.00 ",280103799,,,,7-Nov-25,,
861,39007,72674,Kinectrics,1,NPD0059-DET-2223,,Jatin Munjal,8/18/2025,190,"Mounting Plate,Kid of Stages",$200.00 ,280103799,,,,7-Nov-25,,
,,,,,,,,,,,,,,,,,,
863,39015,72690,DJ Ind.,20,G35-16-TRS-2,,Steve Davey,8/28/2025,1,Support Bar - Item# SB1,$218.00 ,3759146-00,44920,20,53188,9-Oct-25,1/15/2026,98
864,39015,72691,DJ Ind.,10,G35-16-TRS-3,,Steve Davey,8/28/2025,2,Misc Alum Plate-Item PL3,895+ 250,3759146-00,44920,10,53188,9-Oct-25,1/15/2026,98
,,,,,,,,,,,,,,,,,,
865,39016,72692,Candu,2,RT-87000-71100-1000-1-GA-E,,Angelica de la Barrera,8/29/2025,1,Bellows Replacement Tool Base,"$17,821.00 ",RT79-87000-PN-R020,,,,30-Apr-26,,
866,39016,72693,Candu,2,RT-87000-71150-1000-1-GA-E,,Angelica de la Barrera,8/29/2025,2,Plug Insertion Tool,"$38,376.00 ",RT79-87000-PN-R020,,,,30-Apr-26,,
867,39016,72694,Candu,2,RT-87000-71150-1021-1-DD-D,,Angelica de la Barrera,8/29/2025,3,Shield Plug to Handling Tool Adapter,"$2,911.00 ",RT79-87000-PN-R020,,,,30-Apr-26,,
868,39016,72695,Candu,2,21RT-81000-0140-001-GA-1,,Angelica de la Barrera,8/29/2025,4,Shield Plug Manual Insertion Tool,"$4,617.00 ",RT79-87000-PN-R020,,,,30-Apr-26,,
869,39016,72696,Candu,6,RT-87000-71150-1001-1-DD-D,,Angelica de la Barrera,8/29/2025,5,Bellows Replacement Shield Plug,"$10,453.00 ",RT79-87000-PN-R020,,,,30-Apr-26,,
870,39016,72697,Candu,2,RT-87000-71200-1000-1-GA-E,,Angelica de la Barrera,8/29/2025,6,Bellows Removal Cutting Tool,"$79,970.00 ",RT79-87000-PN-R020,,,,30-Apr-26,,
871,39016,72698,Candu,2,RT-87000-71225-1000-1-GA-E,,Angelica de la Barrera,8/29/2025,7,Bellows Removal Cutting Tool Drive,"$50,363.00 ",RT79-87000-PN-R020,,,,30-Apr-26,,
872,39016,72699,Candu,1,RT-87000-71300-1000-1-GA-E,,Angelica de la Barrera,8/29/2025,8,Bellows Replacement Machine Chuck,"$16,754.00 ",RT79-87000-PN-R020,,,,30-Apr-26,,
873,39016,72700,Candu,1,RT-87000-72000-1000-1-GA-E,,Angelica de la Barrera,8/29/2025,10,Tool Mockup Components,"$18,455.00 ",RT79-87000-PN-R020,,,,30-Apr-26,,
874,39016,72701,Candu,2,RT-87000-0223-1-GA-2,,Angelica de la Barrera,8/29/2025,11,ALT. weld head Mounting Tool,$775.00 ,RT79-87000-PN-R020,,,,30-Apr-26,,
875,39016,72702,Candu,2,RT-87000-0300-1-GA-D,,Angelica de la Barrera,8/29/2025,12,Tool Alignment Tool,"$6,408.00 ",RT79-87000-PN-R020,,,,30-Apr-26,,
876,39016,72703,Candu,2,RT-87000-0166-1-GA-C,,Angelica de la Barrera,8/29/2025,13,Extension Adaptor,"$2,057.00 ",RT79-87000-PN-R020,,,,30-Apr-26,,
877,39016,72704,Candu,2,RT38-15200-014-00-GA00-001,,Angelica de la Barrera,8/29/2025,14,Junction Control Box  ( with Cables),"$70,664.00 ",RT79-87000-PN-R020,,,,30-Apr-26,,
878,39016,72705,Candu,2,RT-87000-0165-1-SK-C,,Angelica de la Barrera,8/29/2025,15,Tool Ring Gauges ( Set),"$6,646.00 ",RT79-87000-PN-R020,,,,30-Apr-26,,
879,39016,72706,Candu,2,RT-87000-71200-1004-1-DD-B,,Angelica de la Barrera,8/29/2025,16,Axial Wear Ring .633,$660.00 ,RT79-87000-PN-R020,,,,30-Apr-26,,
880,39016,72707,Candu,2,RT-87000-71230-1011-1-DD-B,,Angelica de la Barrera,8/29/2025,17,Axial Wera Ring Cut 1,$662.00 ,RT79-87000-PN-R020,,,,30-Apr-26,,
881,39016,72708,Candu,2,RT-87000-71230-1012-1-DD-B,,Angelica de la Barrera,8/29/2025,18,Azial Wear Ring Cut 2,$657.00 ,RT79-87000-PN-R020,,,,30-Apr-26,,
,,,,,,,,,,,,,,,,,,
882,39020,72712,Safran (Messier),3,CAT5824-2B,,Pablo Gracida,9/4/2025,10,Alignment Tool,"$1,233.00 ",700547896,,,,9-Dec-25,,
,,,,,,,,,,,,,,,,,,
883,39021,72713,Candu,1,RT-87910-0130-1-GA-D,,Sanchia Bartley Ndiaye,9/8/2025,1,Measure/Cut off Bench,"$25,379.00 ",RT98-88010-PN-R010,,,,16-Mar-26,,
884,39021,72714,Candu,1,RT-87910-0133-1-GA-0,,Sanchia Bartley Ndiaye,9/8/2025,2,Scribing Tool,"$5,164.00 ",RT98-88010-PN-R010,,,,17-Mar-26,,
885,39021,72715,Candu,2,RT-88000-70059-000-1-GA-E,,Sanchia Bartley Ndiaye,9/8/2025,3,Bore Gague & Ring Gauge Cal. Stor Trough,"$3,278.00 ",RT98-88010-PN-R010,,,,18-Mar-26,,
886,39021,72716,Candu,1,RT-88000-70011-000-1-GA-E,,Sanchia Bartley Ndiaye,9/8/2025,4,Tool E/F Assy Bench,"$12,468.00 ",RT98-88010-PN-R010,,,,19-Mar-26,,
887,39021,72717,Candu,1,RT-88000-70036-002-2-DD-D,,Sanchia Bartley Ndiaye,9/8/2025,5,Tool End Stop Bench (RH),"$9,166.00 ",RT98-88010-PN-R010,,,,20-Mar-26,,
888,39021,72718,Candu,1,RT-88000-70012-000-1-GA-E,,Sanchia Bartley Ndiaye,9/8/2025,6,Tool P/T Measuring Bench,"$26,145.00 ",RT98-88010-PN-R010,,,,21-Mar-26,,
889,39021,72719,Candu,1,RT-88000-70035-000-1-GA-E,,Sanchia Bartley Ndiaye,9/8/2025,7,S/A Preparation Bench ( LH),"$85,101.00 ",RT98-88010-PN-R010,,,,22-Mar-26,,
890,39021,72720,Candu,1,RT-88000-70036-000-1-GA-E,,Sanchia Bartley Ndiaye,9/8/2025,8,S/A Preparation Bench ( RH),"$83,447.00 ",RT98-88010-PN-R010,,,,23-Mar-26,,
891,39021,72721,Candu,1,RT-88000-70050-000-1-GA-E,,Sanchia Bartley Ndiaye,9/8/2025,9,Expander Support Stand,"$9,079.00 ",RT98-88010-PN-R010,,,,24-Mar-26,,
892,39021,72722,Candu,2,RT-88000-0013-01-GA-C,,Sanchia Bartley Ndiaye,9/8/2025,10,Roller Supports for Measuring Bench,"$1,964.00 ",RT98-88010-PN-R010,,,,25-Mar-26,,
893,39021,72723,Candu,1,RT-88000-73530-100-1-DD-E,,Sanchia Bartley Ndiaye,9/8/2025,11,Roller Support Frame,"$4,397.00 ",RT98-88010-PN-R010,,,,26-Mar-26,,
894,39021,72724,Candu,1,RT-88000-70035-002-1-DD-D,,Sanchia Bartley Ndiaye,9/8/2025,12,End Stop Bench ( LH),"$6,305.00 ",RT98-88010-PN-R010,,,,27-Mar-26,,
895,39021,72725,Candu,2,RT-88000-70036-011-1-DD-D,,Sanchia Bartley Ndiaye,9/8/2025,13,SA Prep Bench (RH) Supt Stand,"$2,867.00 ",RT98-88010-PN-R010,,,,28-Mar-26,,
896,39021,72726,Candu,2,RT-88000-70035-011-1-DD-D,,Sanchia Bartley Ndiaye,9/8/2025,14,Prep Bench ( LH) Supt Stand,"$2,867.00 ",RT98-88010-PN-R010,,,,29-Mar-26,,
1086,39021,73061,Candu,2,RT-88000-70059-000-1-GA-E,,Sanchia Bartley Ndiaye,1/26/2026,3A,Bore Gague & Ring Gauge Cal. Stor Trough,"$3,278.00 ",RT98-88010-PN-R010-R.1,,,,17-Jul-26,,
1087,39021,73062,Candu,1,RT-88000-73530-100-1-DD-E,,Sanchia Bartley Ndiaye,1/26/2026,11A,Roller Support Frame,"$4,397.00 ",RT98-88010-PN-R010-R.1,,,,17-Jul-26,,
,,,,,,,,,,,,,,,,,,
897,39023,72728,Candu,1,RT-87640-72150-000-1-GA-E,,Etianne Machado,9/22/2025,1,Airlock Trolley c/w Wings,"$297,681.00 ",RT98-87640-PN-R004,,,,24-Feb-25,,
1088,39023,72729,Candu,1+1,RT-87640-72150-000-1-GA-E,,Etianne Machado,9/22/2025,2 + 2A,LWTF Trolley- Corridor-NO Wing,"$317,378.00 ",RT98-87640-PN-R004,,,,24-Feb-25,,
899,39023,72730,Candu,2,RT87640-73150-000-1-GA-E,,Etianne Machado,9/22/2025,3,Shuttle Flask Trolley FM Room,"$274,203.00 ",RT98-87640-PN-R004,,,,24-Feb-25,,
900,39023,72731,Candu,1,RT-87640-70320-000-1-GA-E,,Etianne Machado,9/22/2025,4,Tool Trolley Track Asy ( Airlock),"$207,317.00 ",RT98-87640-PN-R004,,,,24-Feb-25,,
901,39023,72732,Candu,1,RT-87640-70315-000-1-GA-E,,Etianne Machado,9/22/2025,5,Tool Trolley Track (SF Trolley & LWTF),"$339,127.00 ",RT98-87640-PN-R004,,,,24-Feb-25,,
902,39023,72733,Candu,1,RT-87640-70315-049-1-GA-C,,Etianne Machado,9/22/2025,6,Flag Assembly 1,$812.00 ,RT98-87640-PN-R004,,,,24-Feb-25,,
903,39023,72734,Candu,1,RT-87640-70315-050-1-GA-C,,Etianne Machado,9/22/2025,7,Flag Assembly 2,$790.00 ,RT98-87640-PN-R004,,,,24-Feb-25,,
904,39023,72735,Candu,1,RT-87640-70315-051-1-GA-C,,Etianne Machado,9/22/2025,8,Flag Assembly 3,$798.00 ,RT98-87640-PN-R004,,,,24-Feb-25,,
905,39023,72736,Candu,1,RT-87640-70315-052-1-GA-C,,Etianne Machado,9/22/2025,9,Flag Assembly 4,$802.00 ,RT98-87640-PN-R004,,,,24-Feb-25,,
,,,,,,,,,,,,,,,,,,
906,39040,72753,M.D.A,1,4034050-151,,Madhu Ragavan Mani,9/11/2025,1,LJA Pendulum Assu,"$139,436.00 ",PO1021410,,,,9-Jan-26,,
,,,,,,,,,,,,,,,,,,
907,39058,72775,Candu,6,RT-88040-0020-01-GA,,Angelica de la Barrera,9/18/2025,1,FC Axial Adjustment Tool,"$8,424.00 ",RT98-88040-PN-R004 R. 1,,,,17-Jul-26,,
908,39058,72776,Candu,2,RT-88030-0007-01-GA-1,2,Angelica de la Barrera,9/18/2025,2,EC Spacer Detention End Fitting Adaptor Tool,"$6,219.00 ",RT98-88040-PN-R004 R. 1,,,,17-Jul-26,,
909,39058,72777,Candu,4,RT-88030-0090-01-GA-C,,Angelica de la Barrera,9/18/2025,3,CT Extension Installation Tool,"$5,194.00 ",RT98-88040-PN-R004 R. 1,,,,17-Jul-26,,
910,39058,72778,Candu,6,RT-88080-71000-038-01-GA-E,,Angelica de la Barrera,9/18/2025,4,Shield Plug Installation Tool,"$25,949.00 ",RT98-88040-PN-R004 R. 1,,,,17-Jul-26,,
911,39058,72779,Candu,5,RT-88090-71060-2000-1-GA-D,,Angelica de la Barrera,9/18/2025,5,Closure Plug Installation Tool,"$97,326.00 ",RT98-88040-PN-R004 R. 1,,,,17-Jul-26,,
912,39058,72780,Candu,5,RT-88090-71055-2000-1-GA-D,,Angelica de la Barrera,9/18/2025,6,Calibration Fixture,"$22,143.00 ",RT98-88040-PN-R004 R. 1,,,,28-Aug-26,,
,,,,,,,,,,,,,,,,,,
1089,39063,72786,ATS-Corp,2,700544758,AC,Harnoor Singh,9/25/2025,3~4,Device Mount,"$1,488.00 ",90218-Rev.3,,,,1-Apr-26,,
1090,39063,72786,ATS-Corp,2,700544758,AC,Harnoor Singh,9/26/2025,5~6,Device Mount,"$1,488.00 ",90218-Rev.4,,,,1-May-26,,
1091,39063,72786,ATS-Corp,2,700544758,AC,Harnoor Singh,9/27/2025,7~8,Device Mount,"$1,488.00 ",90218-Rev.5,,,,1-Sep-26,,
,,,,,,,,,,,,,,,,,,
918,39073,72811,Candu,6,RT-88000-70057-020-1-GA-D,0,Angelica de la Barrera,9/29/2025,1,PT Expander Mandrel Clamp,"$1,280.00 ",RT98-87920-PN-R015,,,,23-Feb-26,,
919,39073,72812,Candu,4,RT-88010-0160-1-DD-C,,Angelica de la Barrera,9/29/2025,2,End Fitting E-Face Inspection Ring,"$1,435.00 ",RT98-87920-PN-R015,,,,23-Feb-26,,
920,39073,72813,Candu,7,RT-88000+70047-000-1-GA-D,,Angelica de la Barrera,9/29/2025,3,Seal Face Protective Sleeve (Reactor Face),"$2,314.00 ",RT98-87920-PN-R015,,,,23-Feb-26,,
921,39073,72814,Candu,2,RT-88040-0005-01-GA-E,,Angelica de la Barrera,9/29/2025,4,Tool EF Levelling Tool,"$10,568.00 ",RT98-87920-PN-R015,,,,23-Feb-26,,
922,39073,72815,Candu,2,RT-87600-0220-1-GA-E,,Angelica de la Barrera,9/29/2025,5,Lattice Sleeve Removal Tool,"$21,257.00 ",RT98-87920-PN-R015,,,,23-Feb-26,,
923,39073,72816,Candu,3,RT-87920-74105-000-1-GA-E,,Angelica de la Barrera,9/29/2025,6,Tool Extension Tool,"$38,367.00 ",RT98-87920-PN-R015,,,,23-Feb-26,,
924,39073,72817,Candu,2,RT-88030-0140-1-DD-C,,Angelica de la Barrera,9/30/2025,13,PT Protective Sleeve  for Annulus Spacer,$765.00 ,RT98-87920-PN-R015,,,,23-Feb-26,,
,,,,,,,,,,,,,,,,,,
925,39074,72818,Candu,1,RT-88000-0300-000-01-GA-E,,Angelica de la Barrera,9/29/2025,1,Tool EF Tool Rack,"$29,696.00 ",RT98-87640-PN-R005,,,,27-Feb-26,,
926,39074,72819,Candu,8,RT-87600-70050-1-GA-B,,Angelica de la Barrera,9/29/2025,2,Transfer Carts for Lattice Sleeve & Plugs,"$9,649.00 ",RT98-87640-PN-R005,,,,27-Feb-26,,
927,39074,72820,Candu,3,RT-87910-0110-1-GA-0,,Angelica de la Barrera,9/29/2025,3,CT Storage Rack,"$25,262.00 ",RT98-87640-PN-R005,,,,27-Feb-26,,
1092,39074,72967,Candu,1,RT-88000-0300-000-01-GA-E,,Laila Parveen,12/4/2025,01A,Tool EF Tool Rack,"$29,696.00 ",RT98-87640-PN-R005-R1,,,,22-Apr-26,,
,,,,,,,,,,,,,,,,,,
937,39078,72831,Woodbridge,1,40316,,James Kearns,9/30/2025,1,Cap Receiving Cup,$592.00 ,PD-21053,44927,1,53191,11-Nov-25,1/21/2026,71
938,39078,72832,Woodbridge,1,40318,,James Kearns,9/30/2025,2,Transfer Block,"$2,220.00 ",PD-21053,44927,1,53191,11-Nov-25,1/21/2026,71
939,39078,72833,Woodbridge,1,40319,,James Kearns,9/30/2025,3,Cover for Base Block,"$1,954.00 ",PD-21053,44927,1,53191,11-Nov-25,1/21/2026,71
940,39078,72834,Woodbridge,1,40320,,James Kearns,9/30/2025,4,Cap Removal Tool,$890.00 ,PD-21053,44927,1,53191,11-Nov-25,1/21/2026,71
941,39078,72835,Woodbridge,1,40329,,James Kearns,9/30/2025,5,Cover For Table,$765.00 ,PD-21053,44927,1,53191,11-Nov-25,1/21/2026,71
,,,,,,,,,,,,,,,,,,
942,39082,72840,Candu,5,RT-88000-70010-000-1-GA-E,,Sanchia Bartley-Nidaye,10/3/2025,1,Tool E/F Lifting Beam,"$7,783.00 ",RT98-87920-PN-R017,,,,13-Feb-26,,
943,39082,72841,Candu,1,RT-88000-70018-000-1-GA-E,,Sanchia Bartley-Nidaye,10/3/2025,2,Tool Lifting Rig for Measuring  Bench,"$10,783.00 ",RT98-87920-PN-R017,,,,13-Feb-26,,
944,39082,72842,Candu,1,RT-87290-7020-1-GA-D,,Sanchia Bartley-Nidaye,10/3/2025,3,15T Spreader Beam for Fuel Channel,"$15,491.00 ",RT98-87920-PN-R017,,,,13-Feb-26,,
945,39082,72843,Candu,1,RT-8725-0280-1-DD-C,,Sanchia Bartley-Nidaye,10/3/2025,4,5.5 Ton Heavy Worktable Spreader Beam,"$10,117.00 ",RT98-87920-PN-R017,,,,13-Feb-26,,
946,39082,72844,Candu,2,RT-87290-7024-1-GA-D,,Sanchia Bartley-Nidaye,10/3/2025,5,6T Spreader Beam for  EFSP Removal,"$20,286.00 ",RT98-87920-PN-R017,,,,13-Feb-26,,
,,,,,,,,,,,,,,,,,,
947,39084,72846,Candu,2,MCR-17300-033-000009-01-GA-E,1,Cheryl Lewis,10/3/2025,1,U4 Single Spacer Drop off Tool,"$20,528.00 ",MCR-17000-PN-R054,,,,10-Jan-26,,
947,39084,72846,Candu,2,MCR-17300-033-000009-01-GA-E,1,Cheryl Lewis,10/3/2025,1,U4 Single Spacer Drop off Tool,"$20,528.00 ",MCR-17000-PN-R054,,,,22-Jan-26,,
947,39084,72846,Candu,3,MCR-17300-033-000009-01-GA-E,1,Cheryl Lewis,10/3/2025,1,U4 Single Spacer Drop off Tool,,MCR-17000-PN-R054,,,,5-Feb-26,,
,,,,,,,,,,,,,,,,,,
949,39087,72850,Candu,2,MCR-17300-032-000002-01-GA-E,,Cindy Weng,10/4/2025,1,U4 Annulus Spacer Detection Tool,"$43,995.50 ",MCR-17000-PN-R053,,,,15-Dec-25,,
,,,,,,,,,,,,,,,,,,
951,39090,72853,M.D.A,4,4034463-101,C,Madhu Ragavan Mani,10/4/2025,1,"Plate,IGF","$3,285.00 ",PO1021988,44931,4,,7-Nov-25,1/23/2026,77
,,,,,,,,,,,,,,,,,,
,C.O.D,72855,Superwake,3,S60401-101,,Travis Krebs,10/7/2025,,Output Shaft,,,,,,7-Oct-25,,
,,,,,,,,,,,,,,,,,,
954,39093,72857,M.D.A,1,4036946-101,,Madhu Ragaven Mani,10/9/2025,1,"Weldment,Vibe Fixture","$15,741.00 ",PO1022106,,,,9-Jan-26,,
,,,,,,,,,,,,,,,,,,
956,39096,72860,M.D.A,1,4039839-101,A,Madhu Ragavan Mani,10/9/2025,1,Plate Washer,"$5,319.00 ",PO1022108- Rev.3,,,,9-Jan-26,,
,,,,,,,,,,,,,,,,,,
957,39107,72879,DJ Ind.,1,SAMPLE,,CHRIS,10/21/2025,1,Water Pump Housing to repair-wel,,,,,,,,
,,,,,,,,,,,,,,,,,,
958,39113,72885,M.D.A,6,4033641-101,,Madhu Ragavan Mani,10/23/2025,1,"Disk,IRB",$314.00 ,PO1022244,44930,6,,30-Jan-26,1/23/2026,-7
,,,,,,,,,,,,,,,,,,
959,39115,72887,M.D.A,3,4038927-101,,Madhu Ragavan Mani,10/23/2025,1,"Flange,Bearing","$2,182.00 ",PO1022246,,,,30-Jan-26,,
,,,,,,,,,,,,,,,,,,
960,39116,72888,M.D.A,3,4038930-101,,Madhu Ragavan Mani,10/23/2025,1,"Flange,Torque Cell","$2,840.00 ",PO1022248,,,,30-Jan-26,,
,,,,,,,,,,,,,,,,,,
962,39118,72890,M.D.A,3,4038934-101,,Madhu Ragavan Mani,10/23/2025,1,"Hub,Bolt","$1,662.00 ",PO1022250,,,,30-Jan-26,,
,,,,,,,,,,,,,,,,,,
964,39120,72892,M.D.A,3,4038925-101,,Madhu Ragavan Mani,10/23/2025,1,"Shaft,IRB","$1,328.00 ",PO1022252,,,,30-Jan-26,,
,,,,,,,,,,,,,,,,,,
965,39121,72893,M.D.A,3,4038926-101,,Madhu Ragavan Mani,10/23/2025,1,"Hub,IRB","$2,280.00 ",PO1022253,,,,30-Jan-26,,
,,,,,,,,,,,,,,,,,,
966,39122,72894,DJ Ind.,1,BS 24.5 x 15.0 x 5.8 (34135),,Chris Morrison,10/23/2025,1,Guide Rail- F/I Measure/Dwg/Quote,"$2,950.00 ",3780947-00,,,,16-Dec-25,,
977,39122,72911,DJ Ind.,1,72894,,Steve Davey,11/11/2025,2,DJ Round Delrin Part ( make New),"$3,232.00 ",3780947-00,,,,16-Dec-25,,
,,,,,,,,,,,,,,,,,,
967,39123,72895,M.D.A,3,4038929-101,,Madhu Ragavan Mani,10/23/2025,1,"Tube,IRB","$4,400.00 ",PO1022247,,,,30-Jan-26,,
,,,,,,,,,,,,,,,,,,
968,39124,72896,M.D.A,6,4033639-101,,Madhu Ragavan Mani,10/23/2025,1,"Nut,IRB","$3,376.00 ",PO1022242,,,,30-Jan-26,,
,,,,,,,,,,,,,,,,,,
969,39125,72897,M.D.A,1,4021039-101,,Madhu Ragavan Mani,10/23/2025,1,"Frame,Welded","$13,752.00 ",PO1022409,,,,10-Dec-25,,
,,,,,,,,,,,,,,,,,,
970,39126,72898,Buffalo,1,658495,B,Hemal Frajapati,10/24/2025,1,Spline Insert,"$2,824.00 ",211256067,,,,1-Feb-26,,
,,,,,,,,,,,,,,,,,,
971,39128,72901,Candu,32,MCR-17200-003-000000-01-GA-E,3,Cheryl Lewis,10/27/2025,1,Protective Sleeve & Guide Tool,"$7,316.00 ",MCR-17000-PN-R056,,,,30-Mar-26,,
,,,,,,,,,,,,,,,,,,
972,39129,72902,Safran,1,CAT6017-2,,Pablo Gracida,10/27/2025,10,Pintle Pin Removal,"$1,645.00 ",7000553084,,,,31-Mar-26,,
,,,,,,,,,,,,,,,,,,
1083,39132,72906,Candu,3,RT-87840-0220-01-GA-2,0,Laila Parveen,10/30/2025,1,Bearing Assy,"$29,698.00 ",RT79-87840-PN-R002-R1,,,,27-Feb-26,,
,,,,,,,,,,,,,,,,,,
978,39137,72912,ABI Ltd,2,D00DV179,,Mani M,11/11/2025,1,Roller 1 f/i to Saw Cut,$180.00 ,4540013437-0,,,,18-Nov-25,,
979,39137,72913,ABI Ltd,2,5118J050,,Mani M,11/11/2025,2,Lifter Frame- F/I,"$5,680.00 ",4540013437-0,,,,9-Dec-25,,
,,,,,,,,,,,,,,,,,,
981,39140,72916,Kinectrics,2,K-701184-DET-207,,Cyrus Tenzif,11/13/2025,10,Threaded Rod Nipple,$316.00 ,280105902,,,,11-Dec-25,,
982,39140,72917,Kinectrics,2,K-701184-DET-208,,Cyrus Tenzif,11/13/2025,20,Grip for 15.88 mm Tube,"$1,412.00 ",280105902,,,,11-Dec-25,,
983,39140,72918,Kinectrics,2,K-701184-DET-209,,Cyrus Tenzif,11/13/2025,30,Grip for 12.70mm Tube,"$1,412.00 ",280105902,,,,11-Dec-25,,
984,39140,72919,Kinectrics,2,K-701184-DET-211,,Cyrus Tenzif,11/13/2025,40,Plug for  12.70mm Tubes,$369.00 ,280105902,,,,11-Dec-25,,
985,39140,72920,Kinectrics,2,K-701184-DET-212,,Cyrus Tenzif,11/13/2025,50,Plug for  15.8mm  Tubes,$372.00 ,280105902,,,,11-Dec-25,,
986,39140,72921,Kinectrics,2,K-701184-DET-213,,Cyrus Tenzif,11/13/2025,60,Clevis,$814.00 ,280105902,,,,11-Dec-25,,
,,,,,,,,,,,,,,,,,,
987,39141,72922,Candu,2,RT-88000-70047-004-1-DD-B,,Cindy Weng,11/13/2025,1,Retaining Latch,$498.00 ,216-02123-PN-T129,,,,4-Dec-25,,
988,39141,72923,Candu,1,RT-88000-70047-003-1-DD-B,,Cindy Weng,11/13/2025,2,Sleeve Guide,$707.00 ,216-02123-PN-T129,,,,16-Jan-26,,
,,,,,,,,,,,,,,,,,,
989,39142,72924,Candu,2,RT-87000-71100-1000-1-GA-E,,Angelica de la Barrera,11/13/2025,1,Bellows Replacement Tool Base,"$17,821.00 ",RT98-87000-PN-R018,,,,10-Aug-26,,
990,39142,72925,Candu,2,RT-87000-71150-1000-1-GA-E,,Angelica de la Barrera,11/13/2025,2,Plug Insertion Tool,"$38,376.00 ",RT98-87000-PN-R018,,,,10-Aug-26,,
991,39142,72926,Candu,2,RT-87000-71150-1021-1-DD-D,,Angelica de la Barrera,11/13/2025,3,Shield Plug to Handling Tool Adapter,"$2,911.00 ",RT98-87000-PN-R018,,,,10-Aug-26,,
992,39142,72927,Candu,2,21RT-81000-0140-001-GA-1,,Angelica de la Barrera,11/13/2025,4,Shield Plug Manual Insertion Tool,"$4,617.00 ",RT98-87000-PN-R018,,,,10-Aug-26,,
993,39142,72928,Candu,6,RT-87000-71150-1001-1-DD-D,,Angelica de la Barrera,11/13/2025,5,Bellows Replacement Shield Plug,"$10,453.00 ",RT98-87000-PN-R018,,,,10-Aug-26,,
994,39142,72929,Candu,2,RT-87000-71200-1000-1-GA-E,,Angelica de la Barrera,11/13/2025,6,Bellows Removal Cutting Tool,"$79,970.00 ",RT98-87000-PN-R018,,,,10-Aug-26,,
995,39142,72930,Candu,2,RT-87000-71225-1000-1-GA-E,,Angelica de la Barrera,11/13/2025,7,Bellows Removal Cutting Tool Drive,"$50,363.00 ",RT98-87000-PN-R018,,,,10-Aug-26,,
996,39142,72931,Candu,1,RT-87000-71300-1000-1-GA-E,,Angelica de la Barrera,11/13/2025,8,Bellows Replacement Machine Chuck,"$16,754.00 ",RT98-87000-PN-R018,,,,10-Aug-26,,
997,39142,72932,Candu,1,RT-87000-72000-1000-1-GA-E,,Angelica de la Barrera,11/13/2025,10,Tool Mockup Components,"$18,455.00 ",RT98-87000-PN-R018,,,,10-Aug-26,,
998,39142,72933,Candu,2,RT-87000-0223-1-GA-2,,Angelica de la Barrera,11/13/2025,11,ALT. weld head Mounting Tool,$775.00 ,RT98-87000-PN-R018,,,,10-Aug-26,,
999,39142,72934,Candu,2,RT-87000-0300-1-GA-D,,Angelica de la Barrera,11/13/2025,12,Tool Alignment Tool,"$6,408.00 ",RT98-87000-PN-R018,,,,10-Aug-26,,
1000,39142,72935,Candu,2,RT-87000-0166-1-GA-C,,Angelica de la Barrera,11/13/2025,13,Extension Adaptor,"$2,057.00 ",RT98-87000-PN-R018,,,,10-Aug-26,,
1001,39142,72936,Candu,2,RT38-15200-014-00-GA00-001,,Angelica de la Barrera,11/13/2025,14,Junction Control Box  ( with Cables),"$70,664.00 ",RT98-87000-PN-R018,,,,10-Aug-26,,
1002,39142,72937,Candu,2,RT-87000-0165-1-SK-C,,Angelica de la Barrera,11/13/2025,15,Tool Ring Gauges ( Set),"$6,646.00 ",RT98-87000-PN-R018,,,,10-Aug-26,,
1003,39142,72938,Candu,2,RT-87000-71200-1004-1-DD-B,,Angelica de la Barrera,11/13/2025,16,Axial Wear Ring .633,$660.00 ,RT98-87000-PN-R018,,,,10-Aug-26,,
1004,39142,72939,Candu,2,RT-87000-71230-1011-1-DD-B,,Angelica de la Barrera,11/13/2025,17,Axial Wear Ring Cut 1,$662.00 ,RT98-87000-PN-R018,,,,10-Aug-26,,
1005,39142,72940,Candu,2,RT-87000-71230-1012-1-DD-B,,Angelica de la Barrera,11/13/2025,18,Axial Wear Ring Cut 2,$657.00 ,RT98-87000-PN-R018,,,,10-Aug-26,,
,,,,,,,,,,,,,,,,,,
1007,39144,72942,Candu,700,XX-31124-9-1-DD-C,4,Nena Nicko,11/15/2025,1,Spacer Clips,$14.98 ,79-31124-PN-R003-CMMS,,,,13-Feb-26,,
1008,39144,72942,Candu,10+10,79F-31124-0008-01-DD-C,1,Olivier,11/15/2025,2,Spacer Clips ( Stock per Olivier),,NPO,,,,13-Feb-26,,
,,,,,,,,,,,,,,,,,,
1009,39145,72943,DJ Ind.,4,64035,2,Steve Davey,11/15/2025,1,Bolster Plate- 4140 PH,"$1,920.00 ",3783121-00,,,,16-Dec-25,,
,,,,,,,,,,,,,,,,,,
1093,39146,72944,Candu,1,RT-87540-0200-1-GA-0,2,David Weldon,11/15/2025,01A,PA Removal Tool Cart,"$18,991.00 ",RT79-87540-PN-R003-R1,,,,30-Jan-26,,
,,,,,,,,,,,,,,,,,,
1011,39147,72945,Woodbridge,"64,000",RTD-3040/3033,,James Kearns,11/17/2025,1,Puff.Caps & Nozzles 34 x 40 mesh,$3.84 ,PD-21099,,,,1-Mar-26,,
,,,,,,,,,,,,,,,,,,
1014,39150,72949,DJ Ind.,1,67967-DT,,Angie Rodrigues,11/19/2025,1,"SS Depositor Tube 2""","$1,535.00 ",3784428-00,,,,22-Dec-25,,
,,,,,,,,,,,,,,,,,,
1015,39151,72950,Candu,1,29-31913-2504-01-DD-D,3,Nena Nicko,11/19/2025,1,Connector Sleeve B,"$1,787.00 ",201-31915-PN-R978,,,,12-Jan-26,,
1016,39151,72951,Candu,1,29-31913-2505-01-DD-D,3,Nena Nicko,11/19/2025,2,Connector Sleeve A,"$1,967.00 ",201-31915-PN-R978,,,,12-Jan-26,,
,,,,,,,,,,,,,,,,,,
1018,39153,72954,Woodbridge,1,65019,,Bobby Borshanpour,11/21/2025,1,Univ. Siam Slid'g Unit- Det#2-4 & 7 Only,"$4,454.00 ",20032404 Rev. 1,44872,1,53190,5-Dec-25,12/10/2025,5
,,,,,,,,,,,,,,,,,,
1019,39154,72955,DJ Ind.,2,C500-003,B,Steve Davey,11/25/2025,1,Paddle Switch ( 5/16-Unc),"$2,290.00 ",3785390-00,,,,23-Dec-25,,
,,,,,,,,,,,,,,,,,,
1023,39157,72959,Candu,4,RT-87110-0174-01-DD-C,0,Ashna Irani-Kavasji,12/1/2025,1,Rolled Joint Centering Ring,$733.00 ,RT98-87000-PN-R023,,,,5-Jan-26,,
,,,,,,,,,,,,,,,,,,
1028,39161,72964,Kinectrics,1,K-565052-DET-0002,0,Micheal O Brien,12/4/2025,10,Inflatale Seal Test Assy- Side Supt,$900.00 ,280106227,,1,53142,Jan-5-26,,
,,,,,,,,,,,,,,,,,,
1029,39162,72965,HV Grid,2-Sets,CT-220-1039B-1/R1/Fig1-4/ It.26,,Greg Lee,12/4/2025,1,Copper Stem w/ Valve Spring & Locknut,"$2,750.00 ",12262-29152,,,,6-Feb-26,,
,,,,,,,,,,,,,,,,,,
1030,39163,72966,Candu,3,RT-87540-0210-01-GA-C,0,Sanchia Bartley- Ndiaye,12/4/2025,1,PA Stud Installation Tool,"$1,847.00 ",RT79-87540-PN-R004,,,,9-Feb-26,,
,,,,,,,,,,,,,,,,,,
1033,39165,72969,Woodbridge,1,361BHBAY01-L01,,James Kearns,12/8/2025,1,Lo Firmness PH Bracket (Anjo),"$5,623.00 ",PD-21134,,,,22-Jan-26,,
,,,,,,,,,,,,,,,,,,
1047,39168,72983,Liburdi,2,LAI-D3802,,Tina Cino,12/12/2025,1,Welding Cart Frame,"$14,670.00 ",LA7079175,,,,7-Feb-26,,
,,,,,,,,,,,,,,,,,,
1048,39169,72984,ATS-Corp,1,125503055-F/I,AA,Scott Wilson,12/15/2025,1,Modified Spur- F/I Mat'l,$375.00 ,83303- Rev.4,,,,26-Feb-26,,
1049,39169,72985,ATS-Corp,2,125519954- F/I,AC,Scott Wilson,12/15/2025,2,MOdified Spur Gear- F/I Mat'l,$375.00 ,83303- Rev.4,,,,26-Feb-26,,
1050,39169,72986,ATS-Corp,2,125528611,AB,Scott Wilson,12/15/2025,3,Idler Gear,"$2,792.00 ",83303- Rev.4,,,,26-Feb-26,,
1051,39169,72987,ATS-Corp,1,125535735,AB,Scott Wilson,12/15/2025,4,Pinion,"$3,273.00 ",83303- Rev.4,,,,26-Feb-26,,
1052,39169,72988,ATS-Corp,2,125535737,AB,Scott Wilson,12/15/2025,5,Gear,"$3,534.00 ",83303- Rev.4,,,,26-Feb-26,,
1053,39169,72989,ATS-Corp,1,125535906,AB,Scott Wilson,12/15/2025,6,Pinion,"$3,369.00 ",83303- Rev.4,,,,26-Feb-26,,
,,,,,,,,,,,,,,,,,,
1061,39172,72997,DJ Ind.,1,F/I Shaft & Flange,,Chris Morrision,12/16/2025,1,Shaft & Flange F/I makeNew hub & Weld,"$1,030.00 ",3797908-00,44921,1,53189,5-Jan-26,1/16/2026,11
,,,,,,,,,,,,,,,,,,
1062,39173,72998,Bombardier,1+1,G05743784-101-ZJH,,Tony Mazza,12/17/2025,1,AC Part for Bombardier LH/RH,,,44892,2,,19-Dec-25,12/19/2025,0
,39173,72999,Bombardier,1,sample,,Tony Mazza,12/17/2025,1,Spline Shaft 18 teeth,,,44892,2,,19-Dec-25,12/19/2025,0
,,,,,,,,,,,,,,,,,,
1065,39174,73001,Candu,4,RT-87120-70184-003-1-DD-B,,Angelica de la Barrera,12/23/2025,1,Seal Ring Washer Mockup,$810.00 ,RT98-87000-PN-R021,,,,24-Feb-26,,
1066,39174,73002,Candu,4,RT-87120-70184-002-1-DD-B,,Angelica de la Barrera,12/23/2025,2,Graylock Hub Mockup,$618.00 ,RT98-87000-PN-R021,,,,24-Feb-26,,
1067,39174,73003,Candu,4,RT-87120-70184-001-1-DD-B,,Angelica de la Barrera,12/23/2025,3,Flange,"$1,737.00 ",RT98-87000-PN-R021,,,,24-Feb-26,,
1068,39174,73004,Candu,8,RT-87120-70184-004-1-DD-B,,Angelica de la Barrera,12/23/2025,4,Lock Plate,$112.00 ,RT98-87000-PN-R021,,,,24-Feb-26,,
,,,,,,,,,,,,,,,,,,
1094,39177,73007,Candu,2,RT-88010-0005-01-GA-E,1,Sachin Miranda,12/24/2025,08A,Calibrated Measuring Tape-BOM#6,"$2,998.00 ",RT79-88010-PN-R003-R.2,,,,20-Feb-26,,
1095,39177,73008,Candu,16,RT-88000-70210-044-1-DD-D,,Sachin Miranda,12/24/2025,11A,E/F Protective Cap for Plug Gaug'g,$456.00 ,RT79-88010-PN-R003-R.2,,,,20-Feb-26,,
,,,,,,,,,,,,,,,,,,
1096,39178,73009,Candu,1,RT-87600-0250-1-GA-C,,Sachin Miranda,12/24/2025,10A,Lattice Sleeve Removal Tool HWT,"$43,580.00 ",RT98-87540-PN-R002-R1,,,,8-May-26,,
,,,,,,,,,,,,,,,,,,
1097,39179,73010,M.D.A,1,4039091-101,,Dave Brydon,12/29/2025,1,"Housing,Spring","$3,165.00 ",PO1023670,,,,20-Feb-26,,
,,,,,,,,,,,,,,,,,,
1098,39180,73011,M.D.A,1,4039094-101,,Dave Brydon,12/29/2025,1,"Spacer,Plate","$1,092.00 ",PO1023671,,,,13-Feb-26,,
,,,,,,,,,,,,,,,,,,
1099,39181,73012,M.D.A,1,4038679-101,,Dave Brydon,12/29/2025,1,"Bracket,Pull","$1,179.00 ",PO1023672,,,,13-Feb-26,,
,,,,,,,,,,,,,,,,,,
1100,39182,73013,M.D.A,1,4039101-101,,Dave Brydon,12/29/2025,1,"Bracket,Base","$7,911.00 ",PO1023673,,,,20-Feb-26,,
,,,,,,,,,,,,,,,,,,
1101,39183,73014,M.D.A,1,4039087-101,,Dave Brydon,12/29/2025,1,"Plate,Connector","$4,070.00 ",PO1023674,,,,20-Feb-26,,
,,,,,,,,,,,,,,,,,,
1102,39184,73015,M.D.A,1,4039065-101,,Dave Brydon,12/29/2025,1,Housing,"$17,546.00 ",PO1023676,,,,27-Feb-26,,
,,,,,,,,,,,,,,,,,,
1103,39185,73016,M.D.A,1,4039090-101,B,Dave Brydon,12/29/2025,1,"Sleeve,Screw","$2,096.00 ",PO1023677-R.1,,,,13-Feb-26,,
,,,,,,,,,,,,,,,,,,
1104,39186,73017,M.D.A,1,4039092-101,,Dave Brydon,12/29/2025,1,"Plate,Lead Nut","$2,856.00 ",PO1023678,,,,13-Feb-26,,
,,,,,,,,,,,,,,,,,,
1105,39187,73018,M.D.A,1,4039095-101,,Dave Brydon,12/29/2025,1,"Screw,Lead","$1,272.00 ",PO1023679,,,,13-Feb-26,,
,,,,,,,,,,,,,,,,,,
1106,39188,73019,M.D.A,1,4039096-101,,Dave Brydon,12/29/2025,1,"Adapter,Lead Screw","$2,820.00 ",PO1023680,,,,20-Feb-26,,
,,,,,,,,,,,,,,,,,,
1107,39189,73020,M.D.A,1,4039097-101,,Dave Brydon,12/29/2025,1,"Plate,Mounting","$9,208.00 ",PO1023681,,,,27-Feb-26,,
,,,,,,,,,,,,,,,,,,
1108,39190,73021,M.D.A,1,4039099-101,,Dave Brydon,12/29/2025,1,"Block,Connector","$5,739.00 ",PO1023682,,,,27-Feb-26,,
,,,,,,,,,,,,,,,,,,
1109,39191,73022,M.D.A,1,4039100-101,,Dave Brydon,12/29/2025,1,"Plate,Push","$1,542.00 ",PO1023683,,,,13-Feb-26,,
,,,,,,,,,,,,,,,,,,
1110,39192,73023,Candu,260,79RF-3117-0002-01-DD-2,,Padmashri Paranjape,12/29/2025,1,Screw Feeder Coupling Cap Scerw,$706.10 ,RT30-12100-PN-R002,,,,11-May-26,,
1111,39192,73024,Candu,30,RT-87120-70184-001-1-DD-B,,Padmashri Paranjape,12/29/2025,2,Flange Feeder Mock-up,"$1,112.00 ",RT30-12100-PN-R002,,,,11-May-26,,
1112,39192,73025,Candu,30,RT-87120-70184-002-1-DD-B,,Padmashri Paranjape,12/29/2025,3,"Hub Feeder Mock up -2.1/2""",$473.00 ,RT30-12100-PN-R002,,,,11-May-26,,
1113,39192,73026,Candu,95,RT-87120-70184-003-01-DD-B,,Padmashri Paranjape,12/29/2025,4,Washer Feeder Mock-up Seal Ring,$456.00 ,RT30-12100-PN-R002,,,,11-May-26,,
,,,,,,,,,,,,,,,,,,
1114,39193,73027,Candu,1+1,XX-31912-959-1-GA-E,1,Ashna Irani-Kavasji,12/30/2025,1+ 4,Flask and Trolley for Garter Spring,"$49,452/$ 47,452",RT79-31912-PN-R006,,,,22-Apr-26,,
,,,,,,,,,,,,,,,,,,
1115,39194,73028,ATS-Corp,4,700478914,AA,Sanket Patil,12/30/2025,"1,3,5.7",Antirotation Tube,"$2,925.00 ",91397- Rev.1,,,,13-Feb-26,,
1116,39194,73029,ATS-Corp,4,700478912,AC,Sanket Patil,12/30/2025,"2,4,6,8",Center Tube Body,"$13,935.00 ",91397- Rev.1,,,,20-Mar-26,,
,,,,,,,,,,,,,,,,,,
1117,39196,73031,Hybrid,1,58967-MAPIR-ASSY- R/W,,Peter,1/6/2026,1,Single Piston Inj Blk-R/W- W/O# 25-7258- Huntsville,,19680,,,,30-Jan-26,,
1118,39196,73032,Hybrid,1,NMP5V-22 ASY- R/W,,Peter,1/6/2026,2,Raptor Block R/W-W/O# 25/7285- Kipling,,19680,,,,30-Jan-26,,
1119,39196,73033,Hybrid,1,NMP5V-22 ASY- R/W,,Peter,1/6/2026,3,Raptor Block R/W-W/O# 25/7287- Fremont,,19680,,,,30-Jan-26,,
,,,,,,,,,,,,,,,,,,
,39197,73034,Hybrid,1,NMP5V-22 ASY- R/W,,Peter,1/6/2026,1,Raptor Block R/W-W/O# 25/7284- Mexico,,19680,,,,30-Jan-26,,
,39197,73035,Hybrid,1,NMP5V-22 ASY- R/W,,Peter,1/6/2026,2,Raptor Block R/W-W/O# 25/7288- Nanno,,19680,,,,30-Jan-26,,
,39197,73036,Hybrid,1,NMP5V-22 ASY- R/W,,Peter,1/6/2026,3,Raptor Block R/W-W/O# 25/7286- Fremont,,19680,,,,30-Jan-26,,
1123,39197,73037,Hybrid,1,NMP5V-22 ASY- R/W,,Peter,1/6/2026,4,Raptor Block R/W-W/O# 25/7283- Huntsville,,19680,,,,30-Jan-26,,
,,,,,,,,,,,,,,,,,,
1124,39198,73038,Candu,3,RT-87540-0210-01-GA-C,,Sanchia Bartley- Ndiaye,1/7/2026,1,PA Stud Installation Tool,"$1,847.00 ",RT98-87540-PN-R003,,,,30-Mar-26,,
1125,39198,73039,Candu,7,RT-87540-021-01-DD-C,,Sanchia Bartley- Ndiaye,1/7/2026,2,Support Brkt for spring Inst Tool,$449.00 ,RT98-87540-PN-R003,,,,30-Mar-26,,
1126,39198,73040,Candu,7,RT-87540-0212-01-GA-C,,Sanchia Bartley- Ndiaye,1/7/2026,3,Hardware for Spring Pin Inst Tool,$50.00 ,RT98-87540-PN-R003,,,,30-Mar-26,,
,,,,,,,,,,,,,,,,,,
1127,39199,73041,Bombardier,5,GD322-0001-1-RFIX01,,Tony Mazza,1/8/2026,1,Detent Spring,,NPO#,,,,12-Jan-26,,
,,,,,,,,,,,,,,,,,,
1128,39200,73042,Bombardier,3,TS-412-04-11MK,,Ann N,1/9/2026,1,Yoke-F/I A2- H/T to RC 57-60,,,44922,3,,14-Jan-26,1/21/2026,7
,,,,,,,,,,,,,,,,,,
1129,39201,73043,Woodbridge,2,021HBDMD03-C00,,James Kearns,1/12/2026,1,Pourhead Bracket-3B Palm Down,"$2,240.00 ",PD-21175,,,,6-Feb-26,,
,,,,,,,,,,,,,,,,,,
1130,39202,73044,EHV Power,1-Set,Misc Parts,,,1/13/2026,1,Measure/Draw/ Make,,,,,,30-Jan-26,,
,,,,,,,,,,,,,,,,,,
1131,39203,73045,Bombardier,20,235802,,Tony Mazza,1/14/2026,1,Ultimaker PPS-CFF  500Gr,159.02 + 75+70,,,,,14-Jan-26,,
1131,39203,73045,Bombardier,5,202302,,Tony Mazza,1/14/2026,1,Ultimaker Tought PLA- Red,$72.21 ,,,,,14-Jan-26,,
,,,,,,,,,,,,,,,,,,
1132,39204,73046,M.D.A,3,4039650-101,,Madhu Ragaven Mani,1/14/2026,1,"Mount,Target","$4,902.00 ",PO1022591,,,,6-Feb-26,,
,,,,,,,,,,,,,,,,,,
1133,39205,73047,M.D.A,1,4037119-151,,Madhu Ragavan Mani,1/14/2026,1,Torque Tube Assy,"$30,904.00 ",PO1022592,,,,27-Feb-26,,
,,,,,,,,,,,,,,,,,,
1134,39206,73048,M.D.A,1,4037738-101,,Dave Brydon,1/14/2026,1,"Block,Belleville","$2,026.00 ",PO1023915,,,,10-Mar-26,,
,,,,,,,,,,,,,,,,,,
1135,39207,73049,Bombardier,13,sample,,Carlton Paiz,1/16/2026,1,Stamps to be identified,,,44926,13,,21-Jan-26,1/21/2026,
,,,,,,,,,,,,,,,,,,
1136,39209,73050,Candu,6,RT-88000-70047-000-1-GA-D,3,Laila Parveen,1/19/2026,10A,Protective Sleeve,"$1,799.00 ",RT98-88010-PN-R001-R.3,,,,3-Apr-26,,
,,,,,,,,,,,,,,,,,,
1137,39210,73051,ATS-Corp,2,700710150,AA,Harnoor Singh,1/19/2026,1,Cart Frame,"$8,435.00 ",91367- Rev.3,,,,16-Feb-26,,
1138,39210,73051,ATS-Corp,8,700710150,AA,Harnoor Singh,1/20/2026,4~5,Cart Frame,"$8,182.00 ",91367- Rev.3,,,,9-Mar-26,,
1139,39210,73052,ATS-Corp,1,700713692,AA,Harnoor Singh,1/19/2026,6,NAA Bulkhead Frame,"$3,722.00 ",91367- Rev.3,,,,16-Feb-26,,
1140,39210,73052,ATS-Corp,5,700713692,AA,Harnoor Singh,1/20/2026,7~11,NAA Bulkhead Frame,"$3,498.00 ",91367- Rev.3,,,,9-Mar-26,,
,,,,,,,,,,,,,,,,,,
1141,39211,73053,Safran (Messier),1,DSK30399T04-101,,Pablo Gracida,1/19/2026,10,"Bearing Carrier,Upper SS TLG","$1,195.00 ",4590039484,,,,18-Feb-26,,
1142,39211,73054,Safran (Messier),8,DSK30399T04-107,,Pablo Gracida,1/19/2026,20,Dowel Pin,$465.00 ,4590039484,,,,18-Feb-26,,
1143,39211,73055,Safran (Messier),1,DSK30399T04-109,,Pablo Gracida,1/19/2026,30,"Loking Key,Gland Nut",$669.00 ,4590039484,,,,18-Feb-26,,
1144,39211,73056,Safran (Messier),1,DSK30399T04-111,,Pablo Gracida,1/19/2026,40,"Gland Nut,SS  TLG","$2,599.00 ",4590039484,,,,18-Feb-26,,
,,,,,,,,,,,,,,,,,,
1145,39212,73057,ATS-Corp,1,125777129,AI,Scott Wilson,1/19/2026,1,Rolled & Machined Insert - F/I by ATS,"$3,900.00 ",83354-Rev.3,,,,9-Mar-26,,
1146,39212,73058,ATS-Corp,1,125777130,AF,Scott Wilson,1/19/2026,2,Hub,"$5,316.00 ",83354-Rev.3,,,,9-Mar-26,,
1147,39212,73059,ATS-Corp,1,125777135,AD,Scott Wilson,1/19/2026,3,Unrolled Hub,"$5,450.00 ",83354-Rev.3,,,,9-Mar-26,,
,,,,,,,,,,,,,,,,,,
1148,39213,73060,DJ Ind.,1,sample,,chris,1/22/2026,1,Hub repair,,,44929,1,,23-Jan-26,1/23/2026,0
